URL;Н1;Title;Description
https://www.avtoskazka.com/catalog/vaz/the-rim-of-the-crepe-optics/;Обод крепления оптики для ВАЗ;Обод крепления оптики для ВАЗ - купить  по доступной цене в интернет-магазине АвтоСказка;Приобретайте обод крепления оптики для ВАЗ по выгодным ценам с доставкой по Калуге, Москве и России. Гарантия качества, помощь в подборе, гибкая система скидок - интернет-магазин АвтоСказка.
https://www.avtoskazka.com/catalog/vaz/clips/;Обоймы ВАЗ;Обоймы ВАЗ купить по доступной цене в интернет-магазине АвтоСказка;Приобретайте обоймы для любой марки автомобилей ВАЗ по выгодным ценам с доставкой по Калуге, Москве и России. Гарантия качества, помощь в подборе, гибкая система скидок - интернет-магазин АвтоСказка.
https://www.avtoskazka.com/catalog/vaz/plating/;Обшивка ВАЗ;Обшивки ВАЗ купить по выгодной цене в интернет-магазине АвтоСказка;Заказать обшивку для любых автомибилей ВАЗ по доступным ценам с доставкой по Калуге, Москве и России. Гарантия качества, помощь в подборе, гибкая система скидок - интернет-магазин АвтоСказка.
https://www.avtoskazka.com/catalog/vaz/plating/trunk/;Обшивка багажника ВАЗ;Обшивка багажника ВАЗ - купить по доступной цене в интернет-магазине АвтоСказка;Заказать обшивку багажника ВАЗ с доставкой по Калуге, Москве и России. Гарантия качества, помощь в подборе, гибкая система скидок - интернет-магазин АвтоСказка.
https://www.avtoskazka.com/catalog/vaz/plating/doors/;Обшивка дверей ВАЗ;Обшивка дверей ВАЗ - купить по выгодной цене в интернет-магазине;Приобретайте обшивку дверей ВАЗ по доступным ценам с доставкой по Калуге, Москве и России. Гарантия качества, помощь в подборе, гибкая система скидок - интернет-магазин АвтоСказка.
https://www.avtoskazka.com/catalog/vaz/plating/roof/;Обшивка крыши ВАЗ;Обшивка крыши ВАЗ - купить по выгодной цене в интернет-магазине;Покупайте обшивку крыши для автомобилей ВАЗ с доставкой по Калуге, Москве и России. Гарантия качества, помощь в подборе, гибкая система скидок - интернет-магазин АвтоСказка.
https://www.avtoskazka.com/catalog/vaz/stops-otk-door/;Ограничители открывания дверей ВАЗ;Ограничители открывания дверей ВАЗ -  купить по доступной цене в интернет-магазине АвтоСказка;Заказать ограничители открывания дверей ВАЗ с доставкой по Калуге, Москве и России. Гарантия качества, помощь в подборе, гибкая система скидок - интернет-магазин АвтоСказка.
https://www.avtoskazka.com/catalog/vaz/braid/;Оплетки для руля ВАЗ;Оплетки для руля для автомобилей ВАЗ - купить по выгодной цене в интернет-магазине;Заказать оплетки для руля для различных автомобилей ВАЗ с доставкой по Калуге, Москве и России. Гарантия качества, помощь в подборе, гибкая система скидок - интернет-магазин АвтоСказка.
https://www.avtoskazka.com/catalog/vaz/braid/m-40/;Оплетки на руль ВАЗ размер M (38 см);Оплетки на руль ВАЗ размер M (38 см) - купить по выгодной цене в интернет-магазине;Приобретайте оплетки на руль ВАЗ размер M (38 см) по доступным ценам с доставкой по Калуге, Москве и России. Гарантия качества, помощь в подборе, гибкая система скидок - интернет-магазин АвтоСказка.
https://www.avtoskazka.com/catalog/vaz/braid/l-40/;Оплетки на руль ВАЗ размер L (40 см);Оплетки на руль ВАЗ размер L (40 см) - купить по выгодной цене в интернет-магазине;Заказывайте оплетки на руль ВАЗ размер L (40 см) по доступным ценам с доставкой по Калуге, Москве и России. Гарантия качества, помощь в подборе, гибкая система скидок - интернет-магазин АвтоСказка.
https://www.avtoskazka.com/catalog/vaz/braid/xl-42/;Оплетки на руль ВАЗ размер XL (42 см);Оплетки на руль ВАЗ размер XL (42 см) - купить по выгодной цене в интернет-магазине;Покупайте оплетки на руль ВАЗ размер XL (42 см) по доступным ценам с доставкой по Калуге, Москве и России. Гарантия качества, помощь в подборе, гибкая система скидок - интернет-магазин АвтоСказка.
https://www.avtoskazka.com/catalog/vaz/support/;Опоры ВАЗ;Опоры ВАЗ - купить по выгодной цене в интернет-магазине;Покупайте опоры для любых автомобилей ВАЗ по доступным ценам с доставкой по Калуге, Москве и России. Гарантия качества, помощь в подборе, гибкая система скидок - интернет-магазин АвтоСказка.
https://www.avtoskazka.com/catalog/vaz/support/cardan-shaft/;Опоры карданного вала ВАЗ;Опоры карданного вала ВАЗ - купить по выгодной цене в интернет-магазине;Заказать опоры карданного вала для автомобилей ВАЗ по доступным ценам с доставкой по Калуге, Москве и России. Гарантия качества, помощь в подборе, гибкая система скидок - интернет-магазин АвтоСказка.
https://www.avtoskazka.com/catalog/vaz/support/cat/;Опоры КПП ВАЗ;Опоры КПП ВАЗ -  купить по доступной цене в интернет-магазине АвтоСказка;Заказать опоры КПП для автомобилей ВАЗ по доступным ценам с доставкой по Калуге, Москве и России. Гарантия качества, помощь в подборе, гибкая система скидок - интернет-магазин АвтоСказка.
https://www.avtoskazka.com/catalog/vaz/support/in-stand-lane/;Опоры передней стойки ВАЗ;Опоры передней стойки ВАЗ - купить по выгодной цене в интернет-магазине;Покупайте опоры передней стойки для автомобилей ВАЗ по доступным ценам с доставкой по Калуге, Москве и России. Гарантия качества, помощь в подборе, гибкая система скидок - интернет-магазин АвтоСказка.
https://www.avtoskazka.com/catalog/vaz/support/the-handout/;Опора раздатки ВАЗ;Опора раздатки ВАЗ - купить по выгодной цене в интернет-магазине;Приобретайте опоры раздатки для автомобилей ВАЗ по выгодным ценам с доставкой по Калуге, Москве и России. Гарантия качества, помощь в подборе, гибкая система скидок - интернет-магазин АвтоСказка.
https://www.avtoskazka.com/catalog/vaz/support/steering-rack/;Опора рулевой рейки ВАЗ;Опора рулевой рейки ВАЗ - купить по выгодной цене в интернет-магазине;Покупайте опоры рулевой рейки для автомобилей ВАЗ по доступным ценам с доставкой по Калуге, Москве и России. Гарантия качества, помощь в подборе, гибкая система скидок - интернет-магазин АвтоСказка.
https://www.avtoskazka.com/catalog/vaz/support/the-lever-switch/;Опора рычага переключения ВАЗ;Опора рычага переключения ВАЗ - купить по выгодной цене в интернет-магазине;Заказать опоры рычага переключения для автомобилей ВАЗ по доступным ценам с доставкой по Калуге, Москве и России. Гарантия качества, помощь в подборе, гибкая система скидок - интернет-магазин АвтоСказка.
https://www.avtoskazka.com/catalog/vaz/support/ball/;Опоры шаровые ВАЗ;Опоры шаровые ВАЗ - купить по доступной цене в интернет-магазине;Приобретайте опоры шаровые для автомобилей ВАЗ по выгодным ценам с доставкой по Калуге, Москве и России. Гарантия качества, помощь в подборе, гибкая система скидок - интернет-магазин АвтоСказка.
https://www.avtoskazka.com/catalog/vaz/support/screen-receiver/;Опоры экрана ресивера ВАЗ;Опоры экрана ресивера ВАЗ - купить по доступной цене в интернет-магазине;Покупайте опоры экрана ресивера для автомобилей ВАЗ с доставкой по Калуге, Москве и России. Гарантия качества, помощь в подборе, гибкая система скидок - интернет-магазин АвтоСказка.
https://www.avtoskazka.com/catalog/vaz/optics/;Оптика на ВАЗ;Оптика на ВАЗ - купить по выгодной цене в интернет-магазине;Заказать оптику для любых автомибилей ВАЗ по доступным ценам с доставкой по Калуге, Москве и России. Гарантия качества, помощь в подборе, гибкая система скидок - интернет-магазин АвтоСказка.
https://www.avtoskazka.com/catalog/vaz/ornaments/;Орнаменты на ВАЗ;Орнаменты на ВАЗ - купить по выгодной цене в интернет-магазине;Покупайте орнаменты для автомобилей ВАЗ с доставкой по Калуге, Москве и России. Гарантия качества, помощь в подборе, гибкая система скидок - интернет-магазин АвтоСказка.
https://www.avtoskazka.com/catalog/vaz/ornaments/side/;Боковые орнаменты на ВАЗ;Боковые орнаменты на ВАЗ - купить по доступной цене в интернет-магазине Автосказка;Заказать боковые орнаменты для любых автомибилей ВАЗ по выгодным ценам с доставкой по Калуге, Москве и России. Гарантия качества, помощь в подборе, гибкая система скидок - интернет-магазин АвтоСказка.
https://www.avtoskazka.com/catalog/vaz/ornaments/rear/;Задние орнаменты на ВАЗ;Задние орнаменты на ВАЗ - купить по выгодной цене в интернет-магазине;Приобретайте задние орнаменты для автомобилей ВАЗ по доступным ценам с доставкой по Калуге, Москве и России. Гарантия качества, помощь в подборе, гибкая система скидок - интернет-магазин АвтоСказка.
https://www.avtoskazka.com/catalog/vaz/ornaments/grid/;Орнаменты решетки радиатора на ВАЗ;Орнаменты решетки радиатора на ВАЗ - купить по выгодной цене в интернет-магазине;Заказать орнаменты решетки радиатора для любых автомибилей ВАЗ с доставкой по Калуге, Москве и России. Гарантия качества, помощь в подборе, гибкая система скидок - интернет-магазин АвтоСказка.
https://www.avtoskazka.com/catalog/vaz/ornaments/helm/;Орнаменты руля на ВАЗ;Орнаменты руля на ВАЗ - купить по доступной цене в интернет-магазине Автосказка;Заказать орнаменты руля для любых автомибилей ВАЗ по выгодным ценам с доставкой по Калуге, Москве и России. Гарантия качества, помощь в подборе, гибкая система скидок - интернет-магазин АвтоСказка.
https://www.avtoskazka.com/catalog/vaz/axis/;Оси ВАЗ;Оси ВАЗ - купить в интернет-магазине недорого;Покупайте оси для автомобилей ВАЗ с доставкой по Калуге, Москве и России. Гарантия качества, помощь в подборе, гибкая система скидок - интернет-магазин АвтоСказка.
https://www.avtoskazka.com/catalog/vaz/bumpers2/;Отбойники ВАЗ;Отбойники ВАЗ - купить в интернет-магазине недорого;Покупайте отбойники для автомобилей ВАЗ с доставкой по Калуге, Москве и России. Гарантия качества, помощь в подборе, гибкая система скидок - интернет-магазин АвтоСказка.
https://www.avtoskazka.com/catalog/vaz/heaters/;Отопители ВАЗ;Отопители ВАЗ - купить в интернет-магазине недорого;Приобретайте отопители для автомобилей ВАЗ по выгодным ценам с доставкой по Калуге, Москве и России. Гарантия качества, помощь в подборе, гибкая система скидок - интернет-магазин АвтоСказка.
https://www.avtoskazka.com/catalog/vaz/glasses-headlights/;Очки (рамки) фар;Очки (рамки) фар - купить в интернет-магазине недорого;Заказать очки (рамки) фар для любых автомибилей ВАЗ по выгодным ценам с доставкой по Калуге, Москве и России. Гарантия качества, помощь в подборе, гибкая система скидок - интернет-магазин АвтоСказка.
